{
    "configuration": {
        "number of agents": 120,
        "left variance": 0.0,
        "right variance": 0.1,
        "mean risk aversion": 1.0,
        "risk aversion std dev": 0.2,
        "mean dividend": 0.50,
        "kappa": 0.05,
        "dividend shock std dev": 0.01,
        "signal shock std dev": 0.01,
        "quarters": 40,
        "news per quarter": 10,
        "interest rate": 0.01,
        "cash": 1000,
        "shares": 20,
        "max shares per transaction": 5
    }
}